{"cameraMode":{"drawMode":0,"name":"Shaded","section":"Shading Mode"},"sceneLighting":false,"audioPlay":false,"sceneViewState":{"showFog":true,"showMaterialUpdate":false,"showSkybox":false,"showFlares":true,"showImageEffects":true,"showParticleSystems":true},"in2DMode":false,"pivot":{"x":-5.16679048538208,"y":-4.7052202224731449,"z":6.876914024353027},"rotation":{"x":-0.2894328236579895,"y":0.2522290050983429,"z":-0.07935518026351929,"w":-0.9199622869491577},"size":21.67528533935547,"orthographic":false}