{"cameraMode":{"drawMode":0,"name":"Shaded","section":"Shading Mode"},"sceneLighting":true,"audioPlay":false,"sceneViewState":{"showFog":true,"showMaterialUpdate":false,"showSkybox":true,"showFlares":true,"showImageEffects":true,"showParticleSystems":true},"in2DMode":false,"pivot":{"x":-0.8179416060447693,"y":0.14584285020828248,"z":1.0695605278015137},"rotation":{"x":-0.2592460513114929,"y":-0.3735935688018799,"z":0.10960256308317185,"w":-0.8838912844657898},"size":1.3578839302062989,"orthographic":false}